domain,unlinked_count,top_linked_company_id,top_linked_company_count,top_linked_company_name,status
orspartners.com,68,29456,2,"--",weak_existing_link_history
on24.com,51,23100,1,"656",weak_existing_link_history
isostech.com,49,,,"",no_existing_link_history
delayaa.com,48,24419,1,"MI",weak_existing_link_history
ssctech.com,47,21193,1,"FL",weak_existing_link_history
opensystemstech.com,45,41614,10,"OpenSystemsTech",has_existing_link_history
theplanetforward.com,42,19421,1,"8565",weak_existing_link_history
libertyjobs.com,42,30235,2,"Sheila",weak_existing_link_history
allstaffsolutions.net,41,33365,1,"Bedford",weak_existing_link_history
populusgroup.com,40,19239,1,"Steven Powell",weak_existing_link_history
launchcg.com,39,41685,2,"Launch Consulting",weak_existing_link_history
gdhinc.com,38,21579,6,"Gdhinc",has_existing_link_history
stevendouglas.com,37,1388,10,"StevenDouglas",has_existing_link_history
intepros.com,37,1248,19,"Pencom",has_existing_link_history
workrise.com,37,31595,1,"123",weak_existing_link_history
gmi.com,36,,,"",no_existing_link_history
conv.com,35,1129,3,"KYYBA",has_existing_link_history
bctalent.com,35,3266,1,"Jack Simone",weak_existing_link_history
pipercompanies.com,34,7,31,"Piper Companies",has_existing_link_history
crosscountry.com,34,20928,1,"Alexis Torres",weak_existing_link_history
gcomsoft.com,33,20218,5,"Gcomsoft",has_existing_link_history
truedconsulting.com,33,,,"",no_existing_link_history
lmi.org,33,42059,1,"LMI",weak_existing_link_history
mbshome.com,33,,,"",no_existing_link_history
alliancerr.com,33,24275,1,"Suzana",weak_existing_link_history
equiliem.com,32,27648,1,"909090909",weak_existing_link_history
vanderhouwen.com,31,41677,8,"VanderHouwen",has_existing_link_history
usebraintrust.com,31,30639,1,"8079",weak_existing_link_history
burwood.com,31,42962,12,"Burwood",has_existing_link_history
kgtiger.com,31,33983,1,"Sarah",weak_existing_link_history
lorienglobal.com,31,27302,8,"LORIEN",has_existing_link_history
nclouds.com,31,,,"",no_existing_link_history
ppswork.com,31,,,"",no_existing_link_history
pridestaff.com,30,21724,1,"Jerry Bergstrom",weak_existing_link_history
.com,30,34347,2,"Emailed",weak_existing_link_history
rpccompany.com,30,24480,1,"Chad Kelly",weak_existing_link_history
medicushcs.com,30,29456,1,"--",weak_existing_link_history
conexess.com,29,37405,3,"Ittconnect",has_existing_link_history
column5.com,29,,,"",no_existing_link_history
cai.io,29,1475,10,"CAI",has_existing_link_history
tekinspirations.com,29,20747,1,"sanjeev",weak_existing_link_history
peoplelinkstaffing.com,28,24444,1,"Frances",weak_existing_link_history
chaseprofessionals.com,28,22054,1,"Esmeralda Monica Montes",weak_existing_link_history
synergishr.com,27,137,5,"Synergis",has_existing_link_history
cor-tech.net,27,35044,2,"Victoria",weak_existing_link_history
cshiftconsulting.com,27,,,"",no_existing_link_history
stillwaterrhc.com,27,,,"",no_existing_link_history
cavalry.solutions,27,,,"",no_existing_link_history
htcinc.com,26,1457,1,"WadiTek",weak_existing_link_history
thesagegroup.com,26,41996,2,"The Sage Group",weak_existing_link_history
compri.com,26,3506,2,"Compri Consulting",weak_existing_link_history
unisonsystems.com,26,57,1,"Unison Systems",weak_existing_link_history
ey.com,26,32689,3,"Ey",has_existing_link_history
catapultsg.com,26,19627,40,"Catapultsg",has_existing_link_history
ishift.net,26,30325,1,"ishift.net",weak_existing_link_history
ststechnicaljobs.com,25,29456,1,"--",weak_existing_link_history
gcgcom.com,25,,,"",no_existing_link_history
proalt.com,25,26024,1,"Mmadden",weak_existing_link_history
sharpdecisions.com,25,49741,6,"Sharpdecisions",has_existing_link_history
sinet.org,24,,,"",no_existing_link_history
healthtechresourcesinc.com,24,37495,1,"Oscar Franco",weak_existing_link_history
fusionalliance.com,24,833,1,"Brooksource",weak_existing_link_history
greystonetech.com,24,,,"",no_existing_link_history
genuent.com,24,306,6,"TEKsystems",has_existing_link_history
pivotalengineers.com,24,21341,1,"469",weak_existing_link_history
xentity.com,24,,,"",no_existing_link_history
paladininc.com,23,36009,5,"Paladininc",has_existing_link_history
estesgrp.com,23,,,"",no_existing_link_history
cloudit.co,23,,,"",no_existing_link_history
austinfraser.com,23,33074,2,"Austinfraser",weak_existing_link_history
engtal.com,23,30456,1,"Bryana Bermudez",weak_existing_link_history
marathonts.com,23,1960,1,"Marathon TS",weak_existing_link_history
growthoperators.com,23,,,"",no_existing_link_history
meridiantechnologies.netverifying,23,32886,1,"1001",weak_existing_link_history
motionrecruitment.com,23,35109,21,"Motionrecruitment",has_existing_link_history
hudsonrpo.com,23,26794,1,"Star",weak_existing_link_history
advantagetech.net,23,1479,1,"Amtec",weak_existing_link_history
altaits.com,23,18969,12,"Altaits",has_existing_link_history
tcml.com,23,223,9,"TCML",has_existing_link_history
otterbase.com,22,41912,3,"OtterBase",has_existing_link_history
iriscc.com,22,41982,5,"Iris Consulting Corporation",has_existing_link_history
wdigis.com,22,,,"",no_existing_link_history
northwestpartners.com,21,42044,2,"Northwest Partners",weak_existing_link_history
ryzen.com,21,3190,1,"Ryzen",weak_existing_link_history
boostllc.net,21,31041,1,"407 863-0268",weak_existing_link_history
apcinc.com,21,27895,7,"apcinc",has_existing_link_history
nexusitc.net,21,,,"",no_existing_link_history
crossroadstech.net,21,,,"",no_existing_link_history
solutechnology.com,21,19494,1,"Kbarry",weak_existing_link_history
frtline.com,21,32451,2,"Frtline",weak_existing_link_history
yoh.com,21,41689,39,"Yoh",has_existing_link_history
empiric.com,21,962,4,"Empiric",has_existing_link_history
redoaktech.com,21,42132,5,"Red Oak Technologies",has_existing_link_history
phisearch.com,21,23518,6,"phisearch",has_existing_link_history
hireart.com,20,,,"",no_existing_link_history
quadrantinc.com,20,48871,2,"Quadrantinc",weak_existing_link_history
revolutiontechnologies.com,20,27400,61,"Revolutiontechnologies",has_existing_link_history
apluspeople.com,20,19527,1,"Hightstown",weak_existing_link_history
tential.com,19,316,7,"Tential",has_existing_link_history
wimmersolutions.com,19,19562,14,"Wimmersolutions",has_existing_link_history
sinyc.com,19,42715,2,"SI NYC",weak_existing_link_history
agiletechops.com,19,,,"",no_existing_link_history
agilitypartners.io,19,26775,6,"Agilitypartners",has_existing_link_history
roadie.com,19,20421,1,"ERIN PARCELLS",weak_existing_link_history
senecahq.com,18,1541,17,"Seneca Resources",has_existing_link_history
backblaze.com,18,21183,1,"6895",weak_existing_link_history
aparizona.com,18,23961,1,"Tony Williams",weak_existing_link_history
cbts.com,18,41902,13,"CBTS",has_existing_link_history
cvpartnersinc.com,18,26522,1,"789465159",weak_existing_link_history
bluehawkconsulting.com,18,981,2,"Experis",weak_existing_link_history
agilesys.com,17,,,"",no_existing_link_history
prcnational.com,17,,,"",no_existing_link_history
dtgconsulting.com,17,19402,1,"Dtgconsulting",weak_existing_link_history
technologent.com,17,23694,1,"Todd",weak_existing_link_history
jvtadvisors.com,17,42111,2,"JVT Advisors",weak_existing_link_history
fueltalent.com,17,137,1,"Synergis",weak_existing_link_history
univisioncomputers.com,17,,,"",no_existing_link_history
huxley.com,17,25180,5,"Huxley",has_existing_link_history
ledgent.com,17,31785,16,"Ledgent",has_existing_link_history
pointsolutionsus.com,17,,,"",no_existing_link_history
snicompanies.com,17,19244,1,"Ccollins",weak_existing_link_history
inclusively.com,17,29751,1,"Taylor",weak_existing_link_history
thelasallenetwork.com,17,37359,1,"2108",weak_existing_link_history
arcsourced.com,16,,,"",no_existing_link_history
eliassen.com,16,958,18,"Eliassen Group",has_existing_link_history
revelit.com,16,27051,9,"RevelIT",has_existing_link_history
modis.com,16,25552,98,"Modis",has_existing_link_history
cps4jobs.com,16,1967,1,"Lingatech",weak_existing_link_history
glotel.com,16,36889,1,"978 252-222",weak_existing_link_history
247networks.com,16,,,"",no_existing_link_history
trapptechnology.com,16,,,"",no_existing_link_history
poweredbystl.com,16,37880,1,"---",weak_existing_link_history
tristaff.com,16,491,1,"TriStaff Group of Companies",weak_existing_link_history
kmbs.konicaminolta.us,16,20918,1,"Konica Minolta Business Solutions U.S.A., Inc.",weak_existing_link_history
prolianceconsult.com,16,38726,4,"prolianceconsult",has_existing_link_history
engage2excel.com,16,35243,5,"Engage2excel",has_existing_link_history
adaptalent.com,15,,,"",no_existing_link_history
longridgepartners.com,15,,,"",no_existing_link_history
thepalmergroup.com,15,32754,2,"Stephanie Mennen",weak_existing_link_history
aptonet.com,15,43051,4,"Aptonet",has_existing_link_history
whitridge.com,15,21934,6,"Whitridge",has_existing_link_history
thegoallinc.com,15,,,"",no_existing_link_history
jobot.com,15,1938,62,"Jobot",has_existing_link_history
snapnurse.com,15,,,"",no_existing_link_history
rylem.com,15,23921,1,"Alfred",weak_existing_link_history
aureon.com,14,42370,4,"Aureon",has_existing_link_history
anexinet.com,14,42373,3,"Anexinet",has_existing_link_history
technical-link.com,14,1847,6,"Technical-Link",has_existing_link_history
1872consulting.com,14,3527,1,"1872 Consulting",weak_existing_link_history
missionstaff.com,14,1176,10,"MissionStaff",has_existing_link_history
ehire.com,14,21123,2,"eHire",weak_existing_link_history
synectics.com,14,133,4,"Synectics",has_existing_link_history
burnsmcd.com,14,19115,1,"Bryant Webb",weak_existing_link_history
scientifisearch.com,14,,,"",no_existing_link_history
snitechnology.com,14,32991,7,"Snitechnology",has_existing_link_history
comcentric.com,14,34510,2,"Comcentric",weak_existing_link_history
cybercoders.com,14,42995,7,"CyberCoders",has_existing_link_history
ptsadvance.com,14,29091,10,"PTSadvance",has_existing_link_history
sgfglobal.com,13,38101,1,"Fernando Hayipanteli",weak_existing_link_history
getgarner.com,13,30715,1,"Sage",weak_existing_link_history
saigepartners.com,13,,,"",no_existing_link_history
obxtek.com,13,,,"",no_existing_link_history
centricconsulting.com,13,49540,14,"Centricconsulting",has_existing_link_history
imatch.com,13,42311,4,"Fuel Talent",has_existing_link_history
solvingit.com,13,41601,6,"solvingit",has_existing_link_history
oliverparks.com,13,29307,1,"Alex Bilton",weak_existing_link_history
gotoagile.com,13,11,11,"Agile Resources, Inc.",has_existing_link_history
tcipro.com,13,34347,1,"Emailed",weak_existing_link_history
telnetnavigation.com,13,39839,1,"81566",weak_existing_link_history
cloud4good.com,13,35447,1,"Cloud4Good",weak_existing_link_history
daleyaa.com,13,19224,2,"Meetic",weak_existing_link_history
freshconsulting.com,13,,,"",no_existing_link_history
verigent.com,13,25206,1,"Verigent",weak_existing_link_history
forcemanagement.com,13,,,"",no_existing_link_history
cpoftexas.com,13,27762,1,"Hopkins",weak_existing_link_history
hiredynamics.com,13,22102,1,"6062",weak_existing_link_history
r1consulting.com,13,1320,1,"Resource 1",weak_existing_link_history
nonstop-recruitment.com,13,,,"",no_existing_link_history
bna-inc.com,12,41850,1,"Bart & Associates",weak_existing_link_history
trssaffing.com,12,,,"",no_existing_link_history
resolution-tech.com,12,19218,1,"charles marzec",weak_existing_link_history
provenprocessgroup.com,12,,,"",no_existing_link_history
talentbridge.com,12,42362,13,"TalentBridge",has_existing_link_history
mbg.com,12,548,1,"Ursus",weak_existing_link_history
reflik.com,12,,,"",no_existing_link_history
qconsultling.com,12,,,"",no_existing_link_history
today.com,12,,,"",no_existing_link_history
apollopros.com,12,22242,1,"678 740-0263",weak_existing_link_history
t-strategy.com,12,19489,1,"Bryan Kline",weak_existing_link_history
mytek.net,12,,,"",no_existing_link_history
triadgroup.com,12,43061,2,"TRIAD Group",weak_existing_link_history
bluesignal.com,11,21404,1,"Joanna Kimionakis",weak_existing_link_history
kpghealthcare.com,11,22042,1,"Tiko",weak_existing_link_history
t4spartners.com,11,,,"",no_existing_link_history